round_epochs,loss,lr,lr,n_samples,n_units,batch_size,epochs,optimizer
10,0.07542853988707066,0.001,0.001,40,8,10,10,<class 'keras.optimizers.Adam'>
10,0.049356664344668386,0.01,0.01,40,16,10,10,<class 'keras.optimizers.Adam'>
10,0.10832260511815547,0.001,0.001,40,4,10,10,<class 'keras.optimizers.Adam'>
10,0.0545863451436162,0.01,0.01,40,4,10,10,<class 'keras.optimizers.Adam'>
10,0.08598056780174375,0.003,0.003,40,4,10,10,<class 'keras.optimizers.Adam'>
10,0.04431011527776718,0.001,0.001,40,16,10,10,<class 'keras.optimizers.Adam'>
10,0.03727058293297887,0.003,0.003,40,8,10,10,<class 'keras.optimizers.Adam'>
10,0.01569409150397405,0.003,0.003,40,16,10,10,<class 'keras.optimizers.Adam'>
10,0.028121867263689638,0.01,0.01,40,8,10,10,<class 'keras.optimizers.Adam'>
