round_epochs,loss,lr,lr,n_samples,n_units,batch_size,epochs,optimizer
10,0.057242940505966546,0.004,0.004,40,24,10,10,<class 'keras.optimizers.Adam'>
10,0.03506224798038602,0.002,0.002,40,28,10,10,<class 'keras.optimizers.Adam'>
10,0.027848435332998633,0.002,0.002,40,20,10,10,<class 'keras.optimizers.Adam'>
10,0.04480226286686957,0.004,0.004,40,20,10,10,<class 'keras.optimizers.Adam'>
10,0.015984883822966367,0.002,0.002,40,24,10,10,<class 'keras.optimizers.Adam'>
10,0.04668091177009046,0.001,0.001,40,20,10,10,<class 'keras.optimizers.Adam'>
10,0.04050256786867976,0.001,0.001,40,28,10,10,<class 'keras.optimizers.Adam'>
10,0.03975914935581386,0.001,0.001,40,24,10,10,<class 'keras.optimizers.Adam'>
10,0.030919949198141693,0.004,0.004,40,28,10,10,<class 'keras.optimizers.Adam'>
